param,mono,am
5,70.11328125,66.32421875
10,156.69140625,102.55859375
15,292.828125,155.98828125
20,468.04296875,233.05859375
25,693.12109375,320.82421875
30,912.75390625,420.125
