param,mono,am
5,99.32421875,63.80078125
10,291.3125,154.98046875
15,616.1875,294.25390625
20,988.1484375,473.63671875
25,1531.19140625,693.34375
30,2226.89453125,966.09375
