param,mono,am
0,137.98828125,200.27734375
25,69.1015625,47.234375
50,58.06640625,40.60546875
75,45.0,34.4609375
100,23.34375,20.41015625
