param,mono,am
0,76.5546875,49.328125
20,77.1328125,49.2578125
40,77.19921875,49.4375
60,78.21875,49.75
80,78.24609375,50.34765625
100,102.15625,65.80078125
