param,ours,ours-mono
5,368313.6853333333,488879.44533333334
25,232300.544,389595.136
50,175733.41866666666,280626.5173333333
75,126081.70666666667,172885.33333333334
95,88434.00533333333,69246.976
