param,ours,ours-mono
5,0.453,0.695
10,1.574,3.401
15,3.053,8.303666666666667
20,4.466333333333333,15.386
25,7.771666666666667,25.535333333333334
30,12.333666666666666,39.783
