param,ours,ours-mono
5,253.08266666666665,384.1363333333333
25,10.013666666666666,21.096333333333334
50,3.053,8.303666666666667
75,1.1043333333333332,2.7493333333333334
95,0.20366666666666666,0.616
