param,reduce-kg,no-reduce
5,0.4963333333333333,0.326
10,1.396,0.983
15,2.778,2.452
20,4.198666666666667,3.926
25,7.471,6.879666666666667
30,12.530666666666667,10.539
