param,ours,ours-mono
5,34340.864,34510.16533333334
10,69412.18133333333,85049.344
15,118411.264,177913.856
20,175707.47733333334,280677.0346666667
25,251101.184,434647.04
30,326548.1386666667,578084.864
