param,ours,ours-mono
5,368200.3626666667,488796.16
25,232289.62133333334,389421.7386666667
50,175707.47733333334,280677.0346666667
75,126173.184,172998.656
95,88330.24,69298.85866666667
