param,ours,ours-mono
5,85482.15466666667,59434.325333333334
10,122896.384,145110.35733333335
15,175707.47733333334,280677.0346666667
20,249404.07466666665,453943.296
25,339682.6453333333,677040.128
