param,ours,ours-mono
5,0.5003333333333333,0.8303333333333334
10,1.505,3.083
15,3.3186666666666667,8.269
20,4.783666666666667,15.668333333333335
25,7.815,25.955
