param,ours,ours-mono
5,263.4513333333333,387.888
25,9.957,21.148333333333333
50,3.3186666666666667,8.269
75,1.037,2.7046666666666663
95,0.20266666666666666,0.6693333333333333
