param,nuser,nusermono
0,191.87109375,130.5078125
25,39.671875,61.73046875
50,32.70703125,50.78125
75,26.54296875,37.328125
100,12.8046875,15.83984375
