param,nuser,nusermono
0,41.6953125,69.62890625
20,41.59375,69.57421875
40,41.8984375,69.3828125
60,42.08984375,70.64453125
80,42.61328125,71.0234375
100,66.890625,94.67578125
