param,nuser,nusermono
5,56.046875,91.60546875
10,147.92578125,282.09765625
15,288.35546875,611.484375
20,469.2109375,988.01171875
25,690.58984375,1533.0859375
30,965.9453125,2228.43359375
