param,nuser,nusermono
5,58.94140625,63.3125
10,95.17578125,149.1640625
15,148.7109375,285.6171875
20,227.08984375,465.53125
25,315.0546875,681.5625
30,415.71875,904.609375
