param,baseline,ours
5,8796093022208.0,396.0872395833333
25,8796093022208.0,269.6484375
50,8796093022208.0,215.30729166666666
75,8796093022208.0,168.01953125
95,83.24348958333333,132.203125
