param,baseline,ours
5,9223372036854776.0,131.99
25,9223372036854776.0,5.941
50,9223372036854776.0,2.4523333333333337
75,9223372036854776.0,1.0586666666666666
95,9.934333333333335,0.3073333333333333
