param,ours,baseline
5,351.2513020833333,8796093022208.0
25,221.5390625,8796093022208.0
50,167.59244791666666,8796093022208.0
75,120.24088541666667,8796093022208.0
95,84.33723958333333,83.24348958333333
